2017, 07, 06, 08, 42, 07.093392, TCP, "Reset outside window", 172.16.0.12, 8081, 81.252.154.253, 43819,  France,  N/A,  N/A,  N/A,  48.860001,  2.350000
2017, 07, 06, 08, 43, 09.526869, TCP, "Reset outside window", 172.16.0.12, 8081, 66.102.6.129, 62949,  United States,  California,  Mountain View,  94043,  37.419201,  -122.057404
2017, 07, 06, 10, 29, 38.678305, none, "(spp_sdf) SDF Combination Alert", 46.105.191.77, none, 172.16.0.3, none,  France,  N/A,  N/A,  N/A,  48.860001,  2.350000
2017, 07, 06, 10, 30, 06.106015, none, "(spp_sdf) SDF Combination Alert", 50.240.103.34, none, 172.16.0.3, none,  United States,  Tennessee,  Knoxville,  37902,  35.960602,  -83.920700
2017, 07, 06, 10, 30, 55.861740, none, "(spp_sdf) SDF Combination Alert", 128.101.240.215, none, 172.16.0.3, none,  United States,  Minnesota,  Minneapolis,  55414,  44.975899,  -93.216599
2017, 07, 06, 10, 36, 14.719165, none, "(spp_sdf) SDF Combination Alert", 194.8.197.22, none, 172.16.0.252, none,  Germany,  N/A,  N/A,  N/A,  51.000000,  9.000000
2017, 07, 06, 10, 43, 33.559958, none, "(portscan) TCP Portsweep", 172.16.0.4, none, 64.6.100.177, none,  United States,  California,  San Diego,  92117,  32.818298,  -117.196602
2017, 07, 06, 10, 44, 03.884481, none, "(spp_sdf) SDF Combination Alert", 155.98.64.87, none, 172.16.0.4, none,  United States,  Utah,  Salt Lake City,  84108,  40.785500,  -111.736702
2017, 07, 06, 10, 45, 17.931161, none, "(spp_sdf) SDF Combination Alert", 155.98.64.87, none, 172.16.0.4, none,  United States,  Utah,  Salt Lake City,  84108,  40.785500,  -111.736702
2017, 07, 06, 11, 04, 52.692604, none, "(spp_sdf) SDF Combination Alert", 91.189.88.149, none, 172.16.0.4, none,  United Kingdom,  N/A,  N/A,  N/A,  51.500000,  -0.130000
2017, 07, 06, 11, 30, 53.829989, TCP, "Reset outside window", 172.16.0.12, 8081, 195.35.73.183, 12573,  Germany,  N/A,  N/A,  N/A,  51.000000,  9.000000
2017, 07, 06, 11, 30, 55.188300, TCP, "Reset outside window", 172.16.0.12, 8081, 195.35.73.183, 12576,  Germany,  N/A,  N/A,  N/A,  51.000000,  9.000000
2017, 07, 06, 11, 30, 56.291903, TCP, "Reset outside window", 172.16.0.12, 8081, 195.35.73.183, 12578,  Germany,  N/A,  N/A,  N/A,  51.000000,  9.000000
2017, 07, 06, 11, 30, 57.253097, TCP, "Reset outside window", 172.16.0.12, 8081, 195.35.73.183, 12581,  Germany,  N/A,  N/A,  N/A,  51.000000,  9.000000
2017, 07, 06, 11, 30, 58.278078, TCP, "Reset outside window", 172.16.0.12, 8081, 195.35.73.183, 12582,  Germany,  N/A,  N/A,  N/A,  51.000000,  9.000000
2017, 07, 06, 11, 30, 59.262709, TCP, "Reset outside window", 172.16.0.12, 8081, 195.35.73.183, 12584,  Germany,  N/A,  N/A,  N/A,  51.000000,  9.000000
2017, 07, 06, 11, 31, 00.362881, TCP, "Reset outside window", 172.16.0.12, 8081, 195.35.73.183, 12586,  Germany,  N/A,  N/A,  N/A,  51.000000,  9.000000
2017, 07, 06, 11, 31, 04.054969, TCP, "Reset outside window", 172.16.0.12, 8081, 195.35.73.183, 12598,  Germany,  N/A,  N/A,  N/A,  51.000000,  9.000000
2017, 07, 06, 11, 31, 05.070849, TCP, "Reset outside window", 172.16.0.12, 8081, 195.35.73.183, 12599,  Germany,  N/A,  N/A,  N/A,  51.000000,  9.000000
2017, 07, 06, 12, 44, 00.712305, none, "(spp_sdf) SDF Combination Alert", 23.228.128.208, none, 172.16.0.12, none,  United States,  Missouri,  Kansas City,  64113,  39.014198,  -94.595100
2017, 07, 06, 12, 54, 56.903168, TCP, "Reset outside window", 172.16.0.12, 3399, 82.145.215.118, 443,  Europe,  N/A,  N/A,  N/A,  47.000000,  8.000000
2017, 07, 06, 14, 42, 13.982130, TCP, "Reset outside window", 172.16.0.12, 8081, 192.168.0.100, 40154, none [pvt ips], none [pvt ips], none [pvt ip]s, none [pvt ips], none [pvt ips], none [pvt ips]
2017, 07, 06, 14, 42, 14.049437, TCP, "Reset outside window", 172.16.0.12, 8081, 192.168.0.100, 40155, none [pvt ips], none [pvt ips], none [pvt ip]s, none [pvt ips], none [pvt ips], none [pvt ips]
2017, 07, 06, 14, 42, 14.113718, TCP, "Reset outside window", 172.16.0.12, 8081, 192.168.0.100, 40156, none [pvt ips], none [pvt ips], none [pvt ip]s, none [pvt ips], none [pvt ips], none [pvt ips]
2017, 07, 06, 14, 42, 14.181036, TCP, "Reset outside window", 172.16.0.12, 8081, 192.168.0.100, 40157, none [pvt ips], none [pvt ips], none [pvt ip]s, none [pvt ips], none [pvt ips], none [pvt ips]
2017, 07, 06, 14, 42, 14.244575, TCP, "Reset outside window", 172.16.0.12, 8081, 192.168.0.100, 40158, none [pvt ips], none [pvt ips], none [pvt ip]s, none [pvt ips], none [pvt ips], none [pvt ips]
2017, 07, 06, 14, 42, 14.307605, TCP, "Reset outside window", 172.16.0.12, 8081, 192.168.0.100, 40159, none [pvt ips], none [pvt ips], none [pvt ip]s, none [pvt ips], none [pvt ips], none [pvt ips]
2017, 07, 06, 14, 42, 14.379981, TCP, "Reset outside window", 172.16.0.12, 8081, 192.168.0.100, 40160, none [pvt ips], none [pvt ips], none [pvt ip]s, none [pvt ips], none [pvt ips], none [pvt ips]
2017, 07, 06, 14, 42, 14.543687, TCP, "Reset outside window", 172.16.0.12, 8081, 192.168.0.100, 40162, none [pvt ips], none [pvt ips], none [pvt ip]s, none [pvt ips], none [pvt ips], none [pvt ips]
2017, 07, 06, 14, 42, 14.615916, TCP, "Reset outside window", 172.16.0.12, 8081, 192.168.0.100, 40163, none [pvt ips], none [pvt ips], none [pvt ip]s, none [pvt ips], none [pvt ips], none [pvt ips]
2017, 07, 06, 14, 42, 15.139356, TCP, "Reset outside window", 172.16.0.12, 8081, 192.168.0.100, 40170, none [pvt ips], none [pvt ips], none [pvt ip]s, none [pvt ips], none [pvt ips], none [pvt ips]
2017, 07, 06, 14, 42, 15.513940, TCP, "Reset outside window", 172.16.0.12, 8081, 192.168.0.100, 40172, none [pvt ips], none [pvt ips], none [pvt ip]s, none [pvt ips], none [pvt ips], none [pvt ips]
2017, 07, 06, 14, 42, 15.574327, TCP, "Reset outside window", 172.16.0.12, 8081, 192.168.0.100, 40173, none [pvt ips], none [pvt ips], none [pvt ip]s, none [pvt ips], none [pvt ips], none [pvt ips]
2017, 07, 06, 14, 42, 15.639479, TCP, "Reset outside window", 172.16.0.12, 8081, 192.168.0.100, 40174, none [pvt ips], none [pvt ips], none [pvt ip]s, none [pvt ips], none [pvt ips], none [pvt ips]
2017, 07, 06, 14, 42, 15.764292, TCP, "Reset outside window", 172.16.0.12, 8081, 192.168.0.100, 40176, none [pvt ips], none [pvt ips], none [pvt ip]s, none [pvt ips], none [pvt ips], none [pvt ips]
2017, 07, 06, 14, 42, 15.887425, TCP, "Reset outside window", 172.16.0.12, 8081, 192.168.0.100, 40179, none [pvt ips], none [pvt ips], none [pvt ip]s, none [pvt ips], none [pvt ips], none [pvt ips]
2017, 07, 06, 14, 42, 15.950423, TCP, "Reset outside window", 172.16.0.12, 8081, 192.168.0.100, 40180, none [pvt ips], none [pvt ips], none [pvt ip]s, none [pvt ips], none [pvt ips], none [pvt ips]
2017, 07, 06, 14, 42, 16.016512, TCP, "Reset outside window", 172.16.0.12, 8081, 192.168.0.100, 40181, none [pvt ips], none [pvt ips], none [pvt ip]s, none [pvt ips], none [pvt ips], none [pvt ips]
2017, 07, 06, 14, 42, 16.082370, TCP, "Reset outside window", 172.16.0.12, 8081, 192.168.0.100, 40182, none [pvt ips], none [pvt ips], none [pvt ip]s, none [pvt ips], none [pvt ips], none [pvt ips]
2017, 07, 06, 14, 42, 16.150042, TCP, "Reset outside window", 172.16.0.12, 8081, 192.168.0.100, 40183, none [pvt ips], none [pvt ips], none [pvt ip]s, none [pvt ips], none [pvt ips], none [pvt ips]
2017, 07, 06, 14, 42, 16.214749, TCP, "Reset outside window", 172.16.0.12, 8081, 192.168.0.100, 40184, none [pvt ips], none [pvt ips], none [pvt ip]s, none [pvt ips], none [pvt ips], none [pvt ips]
2017, 07, 06, 14, 42, 16.282094, TCP, "Reset outside window", 172.16.0.12, 8081, 192.168.0.100, 40185, none [pvt ips], none [pvt ips], none [pvt ip]s, none [pvt ips], none [pvt ips], none [pvt ips]
2017, 07, 06, 14, 42, 16.349180, TCP, "Reset outside window", 172.16.0.12, 8081, 192.168.0.100, 40186, none [pvt ips], none [pvt ips], none [pvt ip]s, none [pvt ips], none [pvt ips], none [pvt ips]
2017, 07, 06, 14, 42, 16.484728, TCP, "Reset outside window", 172.16.0.12, 8081, 192.168.0.100, 40188, none [pvt ips], none [pvt ips], none [pvt ip]s, none [pvt ips], none [pvt ips], none [pvt ips]
2017, 07, 06, 14, 42, 16.658705, TCP, "Reset outside window", 172.16.0.12, 8081, 192.168.0.100, 40190, none [pvt ips], none [pvt ips], none [pvt ip]s, none [pvt ips], none [pvt ips], none [pvt ips]
2017, 07, 06, 14, 42, 16.731707, TCP, "Reset outside window", 172.16.0.12, 8081, 192.168.0.100, 40191, none [pvt ips], none [pvt ips], none [pvt ip]s, none [pvt ips], none [pvt ips], none [pvt ips]
2017, 07, 06, 14, 42, 16.878237, TCP, "Reset outside window", 172.16.0.12, 8081, 192.168.0.100, 40193, none [pvt ips], none [pvt ips], none [pvt ip]s, none [pvt ips], none [pvt ips], none [pvt ips]
2017, 07, 06, 14, 42, 16.959952, TCP, "Reset outside window", 172.16.0.12, 8081, 192.168.0.100, 40194, none [pvt ips], none [pvt ips], none [pvt ip]s, none [pvt ips], none [pvt ips], none [pvt ips]
2017, 07, 06, 14, 42, 17.036127, TCP, "Reset outside window", 172.16.0.12, 8081, 192.168.0.100, 40195, none [pvt ips], none [pvt ips], none [pvt ip]s, none [pvt ips], none [pvt ips], none [pvt ips]
2017, 07, 06, 14, 42, 17.106737, TCP, "Reset outside window", 172.16.0.12, 8081, 192.168.0.100, 40196, none [pvt ips], none [pvt ips], none [pvt ip]s, none [pvt ips], none [pvt ips], none [pvt ips]
2017, 07, 06, 14, 42, 17.725520, TCP, "Reset outside window", 172.16.0.12, 8081, 192.168.0.100, 40204, none [pvt ips], none [pvt ips], none [pvt ip]s, none [pvt ips], none [pvt ips], none [pvt ips]
2017, 07, 06, 14, 42, 17.775415, TCP, "Reset outside window", 172.16.0.12, 8081, 192.168.0.100, 40205, none [pvt ips], none [pvt ips], none [pvt ip]s, none [pvt ips], none [pvt ips], none [pvt ips]
2017, 07, 06, 14, 42, 18.018477, TCP, "Reset outside window", 172.16.0.12, 8081, 192.168.0.100, 40209, none [pvt ips], none [pvt ips], none [pvt ip]s, none [pvt ips], none [pvt ips], none [pvt ips]
2017, 07, 06, 14, 42, 18.170789, TCP, "Reset outside window", 172.16.0.12, 8081, 192.168.0.100, 40211, none [pvt ips], none [pvt ips], none [pvt ip]s, none [pvt ips], none [pvt ips], none [pvt ips]
2017, 07, 06, 14, 42, 18.241053, TCP, "Reset outside window", 172.16.0.12, 8081, 192.168.0.100, 40212, none [pvt ips], none [pvt ips], none [pvt ip]s, none [pvt ips], none [pvt ips], none [pvt ips]
2017, 07, 06, 14, 42, 18.393385, TCP, "Reset outside window", 172.16.0.12, 8081, 192.168.0.100, 40214, none [pvt ips], none [pvt ips], none [pvt ip]s, none [pvt ips], none [pvt ips], none [pvt ips]
2017, 07, 06, 14, 42, 18.472904, TCP, "Reset outside window", 172.16.0.12, 8081, 192.168.0.100, 40215, none [pvt ips], none [pvt ips], none [pvt ip]s, none [pvt ips], none [pvt ips], none [pvt ips]
2017, 07, 06, 14, 42, 18.620807, TCP, "Reset outside window", 172.16.0.12, 8081, 192.168.0.100, 40217, none [pvt ips], none [pvt ips], none [pvt ip]s, none [pvt ips], none [pvt ips], none [pvt ips]
2017, 07, 06, 14, 42, 18.934335, TCP, "Reset outside window", 172.16.0.12, 8081, 192.168.0.100, 40221, none [pvt ips], none [pvt ips], none [pvt ip]s, none [pvt ips], none [pvt ips], none [pvt ips]
2017, 07, 06, 14, 42, 19.004711, TCP, "Reset outside window", 172.16.0.12, 8081, 192.168.0.100, 40222, none [pvt ips], none [pvt ips], none [pvt ip]s, none [pvt ips], none [pvt ips], none [pvt ips]
2017, 07, 06, 14, 42, 19.083881, TCP, "Reset outside window", 172.16.0.12, 8081, 192.168.0.100, 40223, none [pvt ips], none [pvt ips], none [pvt ip]s, none [pvt ips], none [pvt ips], none [pvt ips]
2017, 07, 06, 14, 42, 19.230538, TCP, "Reset outside window", 172.16.0.12, 8081, 192.168.0.100, 40225, none [pvt ips], none [pvt ips], none [pvt ip]s, none [pvt ips], none [pvt ips], none [pvt ips]
2017, 07, 06, 14, 42, 19.302979, TCP, "Reset outside window", 172.16.0.12, 8081, 192.168.0.100, 40226, none [pvt ips], none [pvt ips], none [pvt ip]s, none [pvt ips], none [pvt ips], none [pvt ips]
2017, 07, 06, 14, 42, 19.540440, TCP, "Reset outside window", 172.16.0.12, 8081, 192.168.0.100, 40229, none [pvt ips], none [pvt ips], none [pvt ip]s, none [pvt ips], none [pvt ips], none [pvt ips]
2017, 07, 06, 14, 42, 19.836996, TCP, "Reset outside window", 172.16.0.12, 8081, 192.168.0.100, 40233, none [pvt ips], none [pvt ips], none [pvt ip]s, none [pvt ips], none [pvt ips], none [pvt ips]
2017, 07, 06, 14, 42, 19.908547, TCP, "Reset outside window", 172.16.0.12, 8081, 192.168.0.100, 40235, none [pvt ips], none [pvt ips], none [pvt ip]s, none [pvt ips], none [pvt ips], none [pvt ips]
2017, 07, 06, 14, 42, 20.051133, TCP, "Reset outside window", 172.16.0.12, 8081, 192.168.0.100, 40237, none [pvt ips], none [pvt ips], none [pvt ip]s, none [pvt ips], none [pvt ips], none [pvt ips]
2017, 07, 06, 14, 42, 20.194484, TCP, "Reset outside window", 172.16.0.12, 8081, 192.168.0.100, 40239, none [pvt ips], none [pvt ips], none [pvt ip]s, none [pvt ips], none [pvt ips], none [pvt ips]
2017, 07, 06, 14, 42, 20.350755, TCP, "Reset outside window", 172.16.0.12, 8081, 192.168.0.100, 40241, none [pvt ips], none [pvt ips], none [pvt ip]s, none [pvt ips], none [pvt ips], none [pvt ips]
2017, 07, 06, 14, 42, 20.497524, TCP, "Reset outside window", 172.16.0.12, 8081, 192.168.0.100, 40243, none [pvt ips], none [pvt ips], none [pvt ip]s, none [pvt ips], none [pvt ips], none [pvt ips]
2017, 07, 06, 14, 42, 20.925558, TCP, "Reset outside window", 172.16.0.12, 8081, 192.168.0.100, 40245, none [pvt ips], none [pvt ips], none [pvt ip]s, none [pvt ips], none [pvt ips], none [pvt ips]
2017, 07, 06, 14, 42, 21.049603, TCP, "Reset outside window", 172.16.0.12, 8081, 192.168.0.100, 40247, none [pvt ips], none [pvt ips], none [pvt ip]s, none [pvt ips], none [pvt ips], none [pvt ips]
2017, 07, 06, 14, 42, 21.112766, TCP, "Reset outside window", 172.16.0.12, 8081, 192.168.0.100, 40248, none [pvt ips], none [pvt ips], none [pvt ip]s, none [pvt ips], none [pvt ips], none [pvt ips]
2017, 07, 06, 14, 42, 21.174889, TCP, "Reset outside window", 172.16.0.12, 8081, 192.168.0.100, 40249, none [pvt ips], none [pvt ips], none [pvt ip]s, none [pvt ips], none [pvt ips], none [pvt ips]
2017, 07, 06, 14, 42, 21.240994, TCP, "Reset outside window", 172.16.0.12, 8081, 192.168.0.100, 40250, none [pvt ips], none [pvt ips], none [pvt ip]s, none [pvt ips], none [pvt ips], none [pvt ips]
2017, 07, 06, 14, 42, 21.311521, TCP, "Reset outside window", 172.16.0.12, 8081, 192.168.0.100, 40251, none [pvt ips], none [pvt ips], none [pvt ip]s, none [pvt ips], none [pvt ips], none [pvt ips]
2017, 07, 06, 14, 42, 21.375433, TCP, "Reset outside window", 172.16.0.12, 8081, 192.168.0.100, 40252, none [pvt ips], none [pvt ips], none [pvt ip]s, none [pvt ips], none [pvt ips], none [pvt ips]
2017, 07, 06, 14, 42, 21.440052, TCP, "Reset outside window", 172.16.0.12, 8081, 192.168.0.100, 40253, none [pvt ips], none [pvt ips], none [pvt ip]s, none [pvt ips], none [pvt ips], none [pvt ips]
2017, 07, 06, 14, 42, 21.507398, TCP, "Reset outside window", 172.16.0.12, 8081, 192.168.0.100, 40254, none [pvt ips], none [pvt ips], none [pvt ip]s, none [pvt ips], none [pvt ips], none [pvt ips]
2017, 07, 06, 14, 42, 21.580383, TCP, "Reset outside window", 172.16.0.12, 8081, 192.168.0.100, 40255, none [pvt ips], none [pvt ips], none [pvt ip]s, none [pvt ips], none [pvt ips], none [pvt ips]
2017, 07, 06, 14, 42, 21.650222, TCP, "Reset outside window", 172.16.0.12, 8081, 192.168.0.100, 40256, none [pvt ips], none [pvt ips], none [pvt ip]s, none [pvt ips], none [pvt ips], none [pvt ips]
2017, 07, 06, 14, 42, 21.717978, TCP, "Reset outside window", 172.16.0.12, 8081, 192.168.0.100, 40257, none [pvt ips], none [pvt ips], none [pvt ip]s, none [pvt ips], none [pvt ips], none [pvt ips]
2017, 07, 06, 14, 42, 21.879007, TCP, "Reset outside window", 172.16.0.12, 8081, 192.168.0.100, 40258, none [pvt ips], none [pvt ips], none [pvt ip]s, none [pvt ips], none [pvt ips], none [pvt ips]
2017, 07, 06, 14, 42, 22.358817, TCP, "Reset outside window", 172.16.0.12, 8081, 192.168.0.100, 40270, none [pvt ips], none [pvt ips], none [pvt ip]s, none [pvt ips], none [pvt ips], none [pvt ips]
2017, 07, 06, 14, 42, 22.505253, TCP, "Reset outside window", 172.16.0.12, 8081, 192.168.0.100, 40272, none [pvt ips], none [pvt ips], none [pvt ip]s, none [pvt ips], none [pvt ips], none [pvt ips]
2017, 07, 06, 14, 42, 22.587873, TCP, "Reset outside window", 172.16.0.12, 8081, 192.168.0.100, 40273, none [pvt ips], none [pvt ips], none [pvt ip]s, none [pvt ips], none [pvt ips], none [pvt ips]
2017, 07, 06, 14, 42, 22.662764, TCP, "Reset outside window", 172.16.0.12, 8081, 192.168.0.100, 40274, none [pvt ips], none [pvt ips], none [pvt ip]s, none [pvt ips], none [pvt ips], none [pvt ips]
2017, 07, 06, 14, 42, 22.737820, TCP, "Reset outside window", 172.16.0.12, 8081, 192.168.0.100, 40275, none [pvt ips], none [pvt ips], none [pvt ip]s, none [pvt ips], none [pvt ips], none [pvt ips]
2017, 07, 06, 14, 42, 22.810132, TCP, "Reset outside window", 172.16.0.12, 8081, 192.168.0.100, 40276, none [pvt ips], none [pvt ips], none [pvt ip]s, none [pvt ips], none [pvt ips], none [pvt ips]
2017, 07, 06, 14, 42, 23.050324, TCP, "Reset outside window", 172.16.0.12, 8081, 192.168.0.100, 40279, none [pvt ips], none [pvt ips], none [pvt ip]s, none [pvt ips], none [pvt ips], none [pvt ips]
2017, 07, 06, 14, 42, 23.271374, TCP, "Reset outside window", 172.16.0.12, 8081, 192.168.0.100, 40282, none [pvt ips], none [pvt ips], none [pvt ip]s, none [pvt ips], none [pvt ips], none [pvt ips]
2017, 07, 06, 14, 42, 23.365512, TCP, "Reset outside window", 172.16.0.12, 8081, 192.168.0.100, 40283, none [pvt ips], none [pvt ips], none [pvt ip]s, none [pvt ips], none [pvt ips], none [pvt ips]
2017, 07, 06, 14, 42, 23.515302, TCP, "Reset outside window", 172.16.0.12, 8081, 192.168.0.100, 40285, none [pvt ips], none [pvt ips], none [pvt ip]s, none [pvt ips], none [pvt ips], none [pvt ips]
2017, 07, 06, 14, 42, 23.898214, TCP, "Reset outside window", 172.16.0.12, 8081, 192.168.0.100, 40290, none [pvt ips], none [pvt ips], none [pvt ip]s, none [pvt ips], none [pvt ips], none [pvt ips]
2017, 07, 06, 14, 42, 23.978320, TCP, "Reset outside window", 172.16.0.12, 8081, 192.168.0.100, 40291, none [pvt ips], none [pvt ips], none [pvt ip]s, none [pvt ips], none [pvt ips], none [pvt ips]
2017, 07, 06, 14, 42, 24.052589, TCP, "Reset outside window", 172.16.0.12, 8081, 192.168.0.100, 40292, none [pvt ips], none [pvt ips], none [pvt ip]s, none [pvt ips], none [pvt ips], none [pvt ips]
2017, 07, 06, 14, 42, 24.390342, TCP, "Reset outside window", 172.16.0.12, 8081, 192.168.0.100, 40297, none [pvt ips], none [pvt ips], none [pvt ip]s, none [pvt ips], none [pvt ips], none [pvt ips]
2017, 07, 06, 14, 42, 24.623376, TCP, "Reset outside window", 172.16.0.12, 8081, 192.168.0.100, 40300, none [pvt ips], none [pvt ips], none [pvt ip]s, none [pvt ips], none [pvt ips], none [pvt ips]
2017, 07, 06, 14, 42, 24.699363, TCP, "Reset outside window", 172.16.0.12, 8081, 192.168.0.100, 40301, none [pvt ips], none [pvt ips], none [pvt ip]s, none [pvt ips], none [pvt ips], none [pvt ips]
2017, 07, 06, 14, 42, 24.868745, TCP, "Reset outside window", 172.16.0.12, 8081, 192.168.0.100, 40302, none [pvt ips], none [pvt ips], none [pvt ip]s, none [pvt ips], none [pvt ips], none [pvt ips]
2017, 07, 06, 14, 42, 25.056700, TCP, "Reset outside window", 172.16.0.12, 8081, 192.168.0.100, 40305, none [pvt ips], none [pvt ips], none [pvt ip]s, none [pvt ips], none [pvt ips], none [pvt ips]
2017, 07, 06, 14, 42, 25.137153, TCP, "Reset outside window", 172.16.0.12, 8081, 192.168.0.100, 40306, none [pvt ips], none [pvt ips], none [pvt ip]s, none [pvt ips], none [pvt ips], none [pvt ips]
2017, 07, 06, 14, 42, 25.210192, TCP, "Reset outside window", 172.16.0.12, 8081, 192.168.0.100, 40307, none [pvt ips], none [pvt ips], none [pvt ip]s, none [pvt ips], none [pvt ips], none [pvt ips]
2017, 07, 06, 14, 42, 25.365172, TCP, "Reset outside window", 172.16.0.12, 8081, 192.168.0.100, 40309, none [pvt ips], none [pvt ips], none [pvt ip]s, none [pvt ips], none [pvt ips], none [pvt ips]
2017, 07, 06, 15, 16, 23.978884, TCP, "Reset outside window", 172.16.0.12, 8081, 79.197.235.231, 57738,  Germany,  Baden-Wurttemberg,  Illingen,  75428,  48.953701,  8.915600
2017, 07, 06, 15, 16, 27.688464, TCP, "Reset outside window", 172.16.0.12, 8081, 79.197.235.231, 57745,  Germany,  Baden-Wurttemberg,  Illingen,  75428,  48.953701,  8.915600
2017, 07, 06, 15, 16, 29.624294, TCP, "Reset outside window", 172.16.0.12, 8081, 79.197.235.231, 57748,  Germany,  Baden-Wurttemberg,  Illingen,  75428,  48.953701,  8.915600
2017, 07, 06, 16, 26, 37.399154, TCP, "Consecutive TCP small segments exceeding threshold", 172.16.0.3, 41614, 172.217.1.42, 443,  United States,  California,  Mountain View,  94043,  37.419201,  -122.057404
2017, 07, 06, 16, 26, 48.817972, TCP, "Consecutive TCP small segments exceeding threshold", 172.16.0.3, 43372, 172.217.1.36, 443,  United States,  California,  Mountain View,  94043,  37.419201,  -122.057404
2017, 07, 06, 16, 27, 03.244093, none, "(portscan) TCP Filtered Portsweep", 172.16.0.3, none, 172.16.0.4, none, none [pvt ips], none [pvt ips], none [pvt ip]s, none [pvt ips], none [pvt ips], none [pvt ips]
2017, 07, 06, 17, 15, 00.721468, TCP, "(http_inspect) UNKNOWN METHOD", 10.0.0.1, 44922, 172.16.0.4, 80, none [pvt ips], none [pvt ips], none [pvt ip]s, none [pvt ips], none [pvt ips], none [pvt ips]
2017, 07, 06, 17, 15, 01.453946, TCP, "(http_inspect) UNESCAPED SPACE IN HTTP URI", 10.0.0.1, 44928, 172.16.0.4, 80, none [pvt ips], none [pvt ips], none [pvt ip]s, none [pvt ips], none [pvt ips], none [pvt ips]
2017, 07, 06, 17, 15, 02.206002, TCP, "SERVER-WEBAPP JBoss web console access attempt", 10.0.0.1, 44930, 172.16.0.4, 80, none [pvt ips], none [pvt ips], none [pvt ip]s, none [pvt ips], none [pvt ips], none [pvt ips]
2017, 07, 06, 17, 15, 02.206002, TCP, "(http_inspect) NON-RFC DEFINED CHAR", 10.0.0.1, 44930, 172.16.0.4, 80, none [pvt ips], none [pvt ips], none [pvt ip]s, none [pvt ips], none [pvt ips], none [pvt ips]
2017, 07, 06, 17, 15, 04.569918, TCP, "(http_inspect) UNKNOWN METHOD", 10.0.0.1, 44938, 172.16.0.4, 80, none [pvt ips], none [pvt ips], none [pvt ip]s, none [pvt ips], none [pvt ips], none [pvt ips]
2017, 07, 06, 17, 15, 04.664558, TCP, "(http_inspect) NON-RFC DEFINED CHAR", 10.0.0.1, 44940, 172.16.0.4, 80, none [pvt ips], none [pvt ips], none [pvt ip]s, none [pvt ips], none [pvt ips], none [pvt ips]
2017, 07, 06, 17, 15, 06.361734, TCP, "(http_inspect) NON-RFC DEFINED CHAR", 10.0.0.1, 44958, 172.16.0.4, 80, none [pvt ips], none [pvt ips], none [pvt ip]s, none [pvt ips], none [pvt ips], none [pvt ips]
2017, 07, 06, 17, 15, 06.418180, TCP, "(http_inspect) UNESCAPED SPACE IN HTTP URI", 10.0.0.1, 44958, 172.16.0.4, 80, none [pvt ips], none [pvt ips], none [pvt ip]s, none [pvt ips], none [pvt ips], none [pvt ips]
2017, 07, 06, 17, 15, 06.432346, TCP, "SQL generic sql with comments injection attempt - GET parameter", 10.0.0.1, 44958, 172.16.0.4, 80, none [pvt ips], none [pvt ips], none [pvt ip]s, none [pvt ips], none [pvt ips], none [pvt ips]
2017, 07, 06, 17, 15, 06.439020, TCP, "SQL generic sql with comments injection attempt - GET parameter", 10.0.0.1, 44958, 172.16.0.4, 80, none [pvt ips], none [pvt ips], none [pvt ip]s, none [pvt ips], none [pvt ips], none [pvt ips]
2017, 07, 06, 17, 15, 06.468522, TCP, "SQL generic sql with comments injection attempt - GET parameter", 10.0.0.1, 44958, 172.16.0.4, 80, none [pvt ips], none [pvt ips], none [pvt ip]s, none [pvt ips], none [pvt ips], none [pvt ips]
2017, 07, 06, 17, 15, 07.277721, TCP, "(http_inspect) UNESCAPED SPACE IN HTTP URI", 10.0.0.1, 44960, 172.16.0.4, 80, none [pvt ips], none [pvt ips], none [pvt ip]s, none [pvt ips], none [pvt ips], none [pvt ips]
2017, 07, 06, 17, 15, 08.013010, TCP, "(http_inspect) UNESCAPED SPACE IN HTTP URI", 10.0.0.1, 44962, 172.16.0.4, 80, none [pvt ips], none [pvt ips], none [pvt ip]s, none [pvt ips], none [pvt ips], none [pvt ips]
2017, 07, 06, 17, 15, 09.220436, TCP, "POLICY-OTHER Adobe ColdFusion admin interface access attempt", 10.0.0.1, 44964, 172.16.0.4, 80, none [pvt ips], none [pvt ips], none [pvt ip]s, none [pvt ips], none [pvt ips], none [pvt ips]
2017, 07, 06, 17, 15, 09.470786, TCP, "(http_inspect) UNESCAPED SPACE IN HTTP URI", 10.0.0.1, 44966, 172.16.0.4, 80, none [pvt ips], none [pvt ips], none [pvt ip]s, none [pvt ips], none [pvt ips], none [pvt ips]
2017, 07, 06, 17, 15, 09.797765, TCP, "(http_inspect) NON-RFC DEFINED CHAR", 10.0.0.1, 44966, 172.16.0.4, 80, none [pvt ips], none [pvt ips], none [pvt ip]s, none [pvt ips], none [pvt ips], none [pvt ips]
2017, 07, 06, 17, 15, 24.904655, TCP, "POLICY-OTHER Adobe ColdFusion admin interface access attempt", 10.0.0.1, 45020, 172.16.0.4, 80, none [pvt ips], none [pvt ips], none [pvt ip]s, none [pvt ips], none [pvt ips], none [pvt ips]
2017, 07, 06, 17, 15, 24.913978, TCP, "POLICY-OTHER Adobe ColdFusion admin interface access attempt", 10.0.0.1, 45020, 172.16.0.4, 80, none [pvt ips], none [pvt ips], none [pvt ip]s, none [pvt ips], none [pvt ips], none [pvt ips]
2017, 07, 06, 17, 15, 24.920442, TCP, "POLICY-OTHER Adobe ColdFusion admin interface access attempt", 10.0.0.1, 45020, 172.16.0.4, 80, none [pvt ips], none [pvt ips], none [pvt ip]s, none [pvt ips], none [pvt ips], none [pvt ips]
2017, 07, 06, 17, 15, 24.926621, TCP, "POLICY-OTHER Adobe ColdFusion admin interface access attempt", 10.0.0.1, 45020, 172.16.0.4, 80, none [pvt ips], none [pvt ips], none [pvt ip]s, none [pvt ips], none [pvt ips], none [pvt ips]
2017, 07, 06, 17, 15, 25.492842, TCP, "(http_inspect) NON-RFC DEFINED CHAR", 10.0.0.1, 45020, 172.16.0.4, 80, none [pvt ips], none [pvt ips], none [pvt ip]s, none [pvt ips], none [pvt ips], none [pvt ips]
2017, 07, 06, 17, 15, 27.632388, TCP, "(http_inspect) LONG HEADER", 10.0.0.1, 45030, 172.16.0.4, 80, none [pvt ips], none [pvt ips], none [pvt ip]s, none [pvt ips], none [pvt ips], none [pvt ips]
2017, 07, 06, 17, 15, 29.379880, TCP, "POLICY-OTHER Adobe ColdFusion component browser access attempt", 10.0.0.1, 45034, 172.16.0.4, 80, none [pvt ips], none [pvt ips], none [pvt ip]s, none [pvt ips], none [pvt ips], none [pvt ips]
2017, 07, 06, 17, 15, 31.166487, TCP, "SERVER-WEBAPP JBoss JMX console access attempt", 10.0.0.1, 45040, 172.16.0.4, 80, none [pvt ips], none [pvt ips], none [pvt ip]s, none [pvt ips], none [pvt ips], none [pvt ips]
2017, 07, 06, 17, 15, 36.545444, TCP, "(http_inspect) UNESCAPED SPACE IN HTTP URI", 10.0.0.1, 45054, 172.16.0.4, 80, none [pvt ips], none [pvt ips], none [pvt ip]s, none [pvt ips], none [pvt ips], none [pvt ips]
2017, 07, 06, 17, 15, 47.117220, TCP, "(http_inspect) UNESCAPED SPACE IN HTTP URI", 10.0.0.1, 45080, 172.16.0.4, 80, none [pvt ips], none [pvt ips], none [pvt ip]s, none [pvt ips], none [pvt ips], none [pvt ips]
2017, 07, 06, 17, 15, 48.016721, TCP, "(http_inspect) UNESCAPED SPACE IN HTTP URI", 10.0.0.1, 45082, 172.16.0.4, 80, none [pvt ips], none [pvt ips], none [pvt ip]s, none [pvt ips], none [pvt ips], none [pvt ips]
2017, 07, 06, 17, 15, 52.422904, TCP, "SERVER-WEBAPP JBoss web console access attempt", 10.0.0.1, 45104, 172.16.0.4, 80, none [pvt ips], none [pvt ips], none [pvt ip]s, none [pvt ips], none [pvt ips], none [pvt ips]
2017, 07, 06, 17, 16, 32.248620, TCP, "(http_inspect) UNKNOWN METHOD", 10.0.0.1, 40041, 172.16.0.4, 80, none [pvt ips], none [pvt ips], none [pvt ip]s, none [pvt ips], none [pvt ips], none [pvt ips]
2017, 07, 06, 17, 16, 32.580646, TCP, "(http_inspect) UNESCAPED SPACE IN HTTP URI", 10.0.0.1, 40044, 172.16.0.4, 80, none [pvt ips], none [pvt ips], none [pvt ip]s, none [pvt ips], none [pvt ips], none [pvt ips]
2017, 07, 06, 17, 16, 33.015231, TCP, "SERVER-WEBAPP JBoss web console access attempt", 10.0.0.1, 40045, 172.16.0.4, 80, none [pvt ips], none [pvt ips], none [pvt ip]s, none [pvt ips], none [pvt ips], none [pvt ips]
2017, 07, 06, 17, 16, 33.015231, TCP, "(http_inspect) NON-RFC DEFINED CHAR", 10.0.0.1, 40045, 172.16.0.4, 80, none [pvt ips], none [pvt ips], none [pvt ip]s, none [pvt ips], none [pvt ips], none [pvt ips]
2017, 07, 06, 17, 16, 34.222664, TCP, "(http_inspect) UNKNOWN METHOD", 10.0.0.1, 40049, 172.16.0.4, 80, none [pvt ips], none [pvt ips], none [pvt ip]s, none [pvt ips], none [pvt ips], none [pvt ips]
2017, 07, 06, 17, 16, 34.285654, TCP, "(http_inspect) NON-RFC DEFINED CHAR", 10.0.0.1, 40050, 172.16.0.4, 80, none [pvt ips], none [pvt ips], none [pvt ip]s, none [pvt ips], none [pvt ips], none [pvt ips]
2017, 07, 06, 17, 16, 35.235759, TCP, "(http_inspect) NON-RFC DEFINED CHAR", 10.0.0.1, 40059, 172.16.0.4, 80, none [pvt ips], none [pvt ips], none [pvt ip]s, none [pvt ips], none [pvt ips], none [pvt ips]
2017, 07, 06, 17, 16, 35.267040, TCP, "(http_inspect) UNESCAPED SPACE IN HTTP URI", 10.0.0.1, 40059, 172.16.0.4, 80, none [pvt ips], none [pvt ips], none [pvt ip]s, none [pvt ips], none [pvt ips], none [pvt ips]
2017, 07, 06, 17, 16, 35.274670, TCP, "SQL generic sql with comments injection attempt - GET parameter", 10.0.0.1, 40059, 172.16.0.4, 80, none [pvt ips], none [pvt ips], none [pvt ip]s, none [pvt ips], none [pvt ips], none [pvt ips]
2017, 07, 06, 17, 16, 35.278389, TCP, "SQL generic sql with comments injection attempt - GET parameter", 10.0.0.1, 40059, 172.16.0.4, 80, none [pvt ips], none [pvt ips], none [pvt ip]s, none [pvt ips], none [pvt ips], none [pvt ips]
2017, 07, 06, 17, 16, 35.292846, TCP, "SQL generic sql with comments injection attempt - GET parameter", 10.0.0.1, 40059, 172.16.0.4, 80, none [pvt ips], none [pvt ips], none [pvt ip]s, none [pvt ips], none [pvt ips], none [pvt ips]
2017, 07, 06, 17, 16, 35.749822, TCP, "(http_inspect) UNESCAPED SPACE IN HTTP URI", 10.0.0.1, 40060, 172.16.0.4, 80, none [pvt ips], none [pvt ips], none [pvt ip]s, none [pvt ips], none [pvt ips], none [pvt ips]
2017, 07, 06, 17, 16, 36.196159, TCP, "(http_inspect) UNESCAPED SPACE IN HTTP URI", 10.0.0.1, 40061, 172.16.0.4, 80, none [pvt ips], none [pvt ips], none [pvt ip]s, none [pvt ips], none [pvt ips], none [pvt ips]
2017, 07, 06, 17, 16, 36.831378, TCP, "POLICY-OTHER Adobe ColdFusion admin interface access attempt", 10.0.0.1, 40062, 172.16.0.4, 80, none [pvt ips], none [pvt ips], none [pvt ip]s, none [pvt ips], none [pvt ips], none [pvt ips]
2017, 07, 06, 17, 16, 36.965347, TCP, "(http_inspect) UNESCAPED SPACE IN HTTP URI", 10.0.0.1, 40063, 172.16.0.4, 80, none [pvt ips], none [pvt ips], none [pvt ip]s, none [pvt ips], none [pvt ips], none [pvt ips]
2017, 07, 06, 17, 16, 37.196475, TCP, "(http_inspect) NON-RFC DEFINED CHAR", 10.0.0.1, 40063, 172.16.0.4, 80, none [pvt ips], none [pvt ips], none [pvt ip]s, none [pvt ips], none [pvt ips], none [pvt ips]
2017, 07, 06, 17, 16, 45.606605, TCP, "POLICY-OTHER Adobe ColdFusion admin interface access attempt", 10.0.0.1, 40090, 172.16.0.4, 80, none [pvt ips], none [pvt ips], none [pvt ip]s, none [pvt ips], none [pvt ips], none [pvt ips]
2017, 07, 06, 17, 16, 45.614135, TCP, "POLICY-OTHER Adobe ColdFusion admin interface access attempt", 10.0.0.1, 40090, 172.16.0.4, 80, none [pvt ips], none [pvt ips], none [pvt ip]s, none [pvt ips], none [pvt ips], none [pvt ips]
2017, 07, 06, 17, 16, 45.617963, TCP, "POLICY-OTHER Adobe ColdFusion admin interface access attempt", 10.0.0.1, 40090, 172.16.0.4, 80, none [pvt ips], none [pvt ips], none [pvt ip]s, none [pvt ips], none [pvt ips], none [pvt ips]
2017, 07, 06, 17, 16, 45.624231, TCP, "POLICY-OTHER Adobe ColdFusion admin interface access attempt", 10.0.0.1, 40090, 172.16.0.4, 80, none [pvt ips], none [pvt ips], none [pvt ip]s, none [pvt ips], none [pvt ips], none [pvt ips]
2017, 07, 06, 17, 16, 45.938613, TCP, "(http_inspect) NON-RFC DEFINED CHAR", 10.0.0.1, 40090, 172.16.0.4, 80, none [pvt ips], none [pvt ips], none [pvt ip]s, none [pvt ips], none [pvt ips], none [pvt ips]
2017, 07, 06, 17, 16, 47.180119, TCP, "(http_inspect) LONG HEADER", 10.0.0.1, 40095, 172.16.0.4, 80, none [pvt ips], none [pvt ips], none [pvt ip]s, none [pvt ips], none [pvt ips], none [pvt ips]
2017, 07, 06, 17, 16, 48.035046, TCP, "POLICY-OTHER Adobe ColdFusion component browser access attempt", 10.0.0.1, 40097, 172.16.0.4, 80, none [pvt ips], none [pvt ips], none [pvt ip]s, none [pvt ips], none [pvt ips], none [pvt ips]
2017, 07, 06, 17, 16, 49.066548, TCP, "SERVER-WEBAPP JBoss JMX console access attempt", 10.0.0.1, 40100, 172.16.0.4, 80, none [pvt ips], none [pvt ips], none [pvt ip]s, none [pvt ips], none [pvt ips], none [pvt ips]
2017, 07, 06, 17, 16, 52.123832, TCP, "(http_inspect) UNESCAPED SPACE IN HTTP URI", 10.0.0.1, 40107, 172.16.0.4, 80, none [pvt ips], none [pvt ips], none [pvt ip]s, none [pvt ips], none [pvt ips], none [pvt ips]
2017, 07, 06, 17, 16, 57.961517, TCP, "(http_inspect) UNESCAPED SPACE IN HTTP URI", 10.0.0.1, 40120, 172.16.0.4, 80, none [pvt ips], none [pvt ips], none [pvt ip]s, none [pvt ips], none [pvt ips], none [pvt ips]
2017, 07, 06, 17, 16, 58.469239, TCP, "(http_inspect) UNESCAPED SPACE IN HTTP URI", 10.0.0.1, 40121, 172.16.0.4, 80, none [pvt ips], none [pvt ips], none [pvt ip]s, none [pvt ips], none [pvt ips], none [pvt ips]
2017, 07, 06, 17, 17, 00.919440, TCP, "SERVER-WEBAPP JBoss web console access attempt", 10.0.0.1, 40133, 172.16.0.4, 80, none [pvt ips], none [pvt ips], none [pvt ip]s, none [pvt ips], none [pvt ips], none [pvt ips]
2017, 07, 06, 17, 21, 30.168713, TCP, "(http_inspect) INVALID CONTENT-LENGTH OR CHUNK SIZE", 10.0.0.1, 40145, 172.16.0.4, 80, none [pvt ips], none [pvt ips], none [pvt ip]s, none [pvt ips], none [pvt ips], none [pvt ips]
2017, 07, 06, 17, 37, 22.057867, none, "(portscan) TCP Portsweep", 172.16.0.11, none, 172.16.0.4, none, none [pvt ips], none [pvt ips], none [pvt ip]s, none [pvt ips], none [pvt ips], none [pvt ips]
2017, 07, 06, 17, 50, 09.088410, none, "(portscan) TCP Portsweep", 172.16.0.11, none, 45.79.93.237, none, IP Address not found, IP Address not found, IP Address not found, IP Address not found, IP Address not found, IP Address not found
2017, 07, 06, 17, 50, 09.477818, none, "(portscan) TCP Portscan", 172.16.0.11, none, 45.79.93.237, none, IP Address not found, IP Address not found, IP Address not found, IP Address not found, IP Address not found, IP Address not found
2017, 07, 06, 17, 56, 37.929020, TCP, "Reset outside window", 172.16.0.12, 8081, 37.187.129.166, 41654,  France,  N/A,  N/A,  N/A,  48.860001,  2.350000
2017, 07, 06, 17, 56, 41.961289, TCP, "Reset outside window", 172.16.0.12, 8081, 37.187.129.166, 42134,  France,  N/A,  N/A,  N/A,  48.860001,  2.350000
2017, 07, 06, 20, 25, 56.713917, TCP, "Reset outside window", 172.16.0.12, 8081, 47.182.20.169, 51529,  Canada,  Ontario,  Ottawa,  K2H,  45.315498,  -75.836998
2017, 07, 06, 20, 25, 57.818484, TCP, "Reset outside window", 172.16.0.12, 8081, 47.182.20.169, 51539,  Canada,  Ontario,  Ottawa,  K2H,  45.315498,  -75.836998
2017, 07, 06, 20, 25, 58.731275, TCP, "Reset outside window", 172.16.0.12, 8081, 47.182.20.169, 51541,  Canada,  Ontario,  Ottawa,  K2H,  45.315498,  -75.836998
2017, 07, 06, 20, 26, 00.041675, TCP, "Reset outside window", 172.16.0.12, 8081, 47.182.20.169, 51546,  Canada,  Ontario,  Ottawa,  K2H,  45.315498,  -75.836998
2017, 07, 06, 20, 26, 01.232709, TCP, "Reset outside window", 172.16.0.12, 8081, 47.182.20.169, 51562,  Canada,  Ontario,  Ottawa,  K2H,  45.315498,  -75.836998
2017, 07, 06, 20, 26, 02.605544, TCP, "Reset outside window", 172.16.0.12, 8081, 47.182.20.169, 51569,  Canada,  Ontario,  Ottawa,  K2H,  45.315498,  -75.836998
2017, 07, 06, 20, 26, 04.703691, TCP, "Reset outside window", 172.16.0.12, 8081, 47.182.20.169, 51575,  Canada,  Ontario,  Ottawa,  K2H,  45.315498,  -75.836998
2017, 07, 06, 20, 26, 06.992202, TCP, "Reset outside window", 172.16.0.12, 8081, 47.182.20.169, 51578,  Canada,  Ontario,  Ottawa,  K2H,  45.315498,  -75.836998
2017, 07, 06, 20, 26, 08.992370, TCP, "Reset outside window", 172.16.0.12, 8081, 47.182.20.169, 51592,  Canada,  Ontario,  Ottawa,  K2H,  45.315498,  -75.836998
2017, 07, 06, 20, 26, 10.211905, TCP, "Reset outside window", 172.16.0.12, 8081, 47.182.20.169, 51593,  Canada,  Ontario,  Ottawa,  K2H,  45.315498,  -75.836998
2017, 07, 06, 20, 26, 11.167413, TCP, "Reset outside window", 172.16.0.12, 8081, 47.182.20.169, 51597,  Canada,  Ontario,  Ottawa,  K2H,  45.315498,  -75.836998
2017, 07, 06, 20, 26, 12.684335, TCP, "Reset outside window", 172.16.0.12, 8081, 47.182.20.169, 51602,  Canada,  Ontario,  Ottawa,  K2H,  45.315498,  -75.836998
2017, 07, 06, 20, 26, 14.179874, TCP, "Reset outside window", 172.16.0.12, 8081, 47.182.20.169, 51607,  Canada,  Ontario,  Ottawa,  K2H,  45.315498,  -75.836998
2017, 07, 06, 20, 26, 15.036368, TCP, "Reset outside window", 172.16.0.12, 8081, 47.182.20.169, 51608,  Canada,  Ontario,  Ottawa,  K2H,  45.315498,  -75.836998
2017, 07, 06, 20, 52, 24.396079, TCP, "Reset outside window", 172.16.0.12, 8081, 173.239.240.32, 57975,  United States,  New Jersey,  Edison,  08837,  40.504501,  -74.347000
2017, 07, 06, 20, 52, 25.127395, TCP, "Reset outside window", 172.16.0.12, 8081, 173.239.240.32, 57981,  United States,  New Jersey,  Edison,  08837,  40.504501,  -74.347000
2017, 07, 06, 20, 52, 26.165920, TCP, "Reset outside window", 172.16.0.12, 8081, 173.239.240.32, 57995,  United States,  New Jersey,  Edison,  08837,  40.504501,  -74.347000
2017, 07, 06, 20, 52, 26.504308, TCP, "Reset outside window", 172.16.0.12, 8081, 173.239.240.32, 57998,  United States,  New Jersey,  Edison,  08837,  40.504501,  -74.347000
2017, 07, 06, 20, 52, 26.816959, TCP, "Reset outside window", 172.16.0.12, 8081, 173.239.240.32, 58002,  United States,  New Jersey,  Edison,  08837,  40.504501,  -74.347000
2017, 07, 06, 20, 52, 28.228496, TCP, "Reset outside window", 172.16.0.12, 8081, 173.239.240.32, 58026,  United States,  New Jersey,  Edison,  08837,  40.504501,  -74.347000
2017, 07, 06, 20, 52, 30.049334, TCP, "Reset outside window", 172.16.0.12, 8081, 173.239.240.32, 58046,  United States,  New Jersey,  Edison,  08837,  40.504501,  -74.347000
2017, 07, 06, 20, 52, 32.461490, TCP, "Reset outside window", 172.16.0.12, 8081, 173.239.240.32, 58074,  United States,  New Jersey,  Edison,  08837,  40.504501,  -74.347000
2017, 07, 06, 20, 52, 32.773877, TCP, "Reset outside window", 172.16.0.12, 8081, 173.239.240.32, 58079,  United States,  New Jersey,  Edison,  08837,  40.504501,  -74.347000
2017, 07, 06, 20, 52, 34.017431, TCP, "Reset outside window", 172.16.0.12, 8081, 173.239.240.32, 58082,  United States,  New Jersey,  Edison,  08837,  40.504501,  -74.347000
2017, 07, 07, 00, 11, 21.393424, TCP, "Reset outside window", 172.16.0.12, 8081, 179.181.189.54, 8899,  Brazil,  Goias,  Goi창nia,  N/A,  -16.666700,  -49.266800
2017, 07, 07, 00, 11, 21.798928, TCP, "Reset outside window", 172.16.0.12, 8081, 179.181.189.54, 8898,  Brazil,  Goias,  Goi창nia,  N/A,  -16.666700,  -49.266800
2017, 07, 07, 00, 12, 06.983964, TCP, "Reset outside window", 172.16.0.12, 8081, 179.181.189.54, 8970,  Brazil,  Goias,  Goi창nia,  N/A,  -16.666700,  -49.266800
2017, 07, 07, 00, 12, 07.392412, TCP, "Reset outside window", 172.16.0.12, 8081, 179.181.189.54, 8973,  Brazil,  Goias,  Goi창nia,  N/A,  -16.666700,  -49.266800
